route_id,time20,time14,time15,time16,time17,time18,time19,dist20,dist14,dist15,dist16,dist17,dist18,dist19
001,1173.4,1203.7,1183,1183,1183,1183,999,11093.4,11185.2,11513.4,11513.1,11513.4,11513,999
002,2078,2077.7,2077.7,2078,2078,2078,999,22595.9,22594.8,22595.3,22596.9,22597.2,22597.4,999
003,1243.4,1225.9,1225.9,1225.9,1225.9,1218,999,15129.7,14101.7,14101.7,14101.9,14102.2,13898.8,999
004,720.6,720.7,721,721,1346.7,1346.7,999,11497.3,11499.2,11503.5,11503.5,18154.4,18154.3,999
005,840.9,840.9,825.9,825.9,833.9,825.9,999,7552.2,7552.2,7541.5,7541,7574.3,7540.8,999
006,440.3,440.3,217.4,440.3,440.3,440.3,999,3042.1,3042,1882.2,3041.8,3041.8,3041.6,999
007,1852,1866.2,1852,1852,1852,1852,999,26899.8,27064.2,26899.9,26900,26900.2,26900.4,999
008,210.2,210.2,210.2,210.2,210.2,210.2,999,1848.5,1848.6,1848.7,1848.6,1848.6,1848.6,999
009,1419.7,1338.5,1338.5,1338.5,1338.5,1338.5,999,14783.3,14548.7,14549.4,14549.5,14549.5,14549.3,999
010,1216.6,1216.6,1216.6,1216.6,1266.3,1216.6,999,12492.4,12492.4,12492.4,12492.5,12975.3,12491.8,999
011,1713.2,1713.2,1713.2,1713.2,1713.2,1713.2,999,24933.2,24933.4,24932.8,24932.7,24933.1,24933,999
012,488.4,488.4,726,557.2,557.2,557.2,999,6366.8,6366.8,9214.1,7397.4,7397.3,7397.4,999
013,2173.1,2173.1,2173.1,2173.1,2173.1,2173.1,999,19563.9,19563.7,19563.9,19563.9,19563.7,19563.2,999
014,343,343,343,343,343,343,999,3411,3411,3410.9,3410.9,3410.9,3410.9,999
015,1354.5,1354.5,1377.1,1354.5,1354.5,1354.5,999,13846.2,13845.4,14033,13845.4,13845.9,13846.2,999
016,1689.9,1689.9,1689.8,1689.8,1689.8,1719.8,999,18141.4,18140.9,18123.6,18123.8,18123.5,18134.4,999
017,922.7,922.7,922.7,922.7,922.7,922.7,999,13511.1,13511.5,13511,13511,13511.5,13511.5,999
018,1312.8,1312.8,1312.8,1312.8,1306.3,1306.3,999,14354,14353.9,14354,14354,16385.6,16383.5,999
019,1454,1454,1454,1454,1454,1454,999,13019.8,13019.1,13018.3,13018.1,13018.4,13018.4,999
020,1256.4,1256.4,1274.7,1274.7,1274.7,1274.7,999,16742.6,16743.1,16866.3,16866.4,16866.5,16866.6,999
021,1377.9,1266.4,1211,1211,1211,1211,999,14050.7,11914.7,14507.4,14507.3,14507.1,14507.5,999
022,27,27,27,54.8,54.8,54.8,999,112.1,112.1,112.1,113.7,113.7,113.7,999
023,1535.6,1549.8,1535.6,1535.6,1535.6,1535.6,999,17722.7,17886.4,17722.1,17722.1,17722.7,17722.9,999
024,6.1,6.1,513.2,513.2,1457.7,1439.9,999,110.3,110.2,9017.5,9017.5,18097.9,17946.3,999
025,737.8,737.8,737.7,739.6,739.6,739.6,999,7384.3,7383.8,7366.3,7381.4,7381.3,7381.2,999
026,1418.2,1491.8,1414.4,1411.9,1411.9,1411.9,999,15162.6,15849.3,15302.2,15147.1,15147.3,15147.1,999
027,487.4,487.4,502,502,502,502,999,4219.8,4219.8,4291.6,4291.7,4291.6,4291.5,999
028,1428.6,1522.1,1728.2,1705.6,1705.6,1705.6,999,11867.8,12427.5,13916.2,13728.4,13728.5,13728.6,999
029,1806.9,1806.9,1806.9,1806.9,1806.9,1806.9,999,17287.6,17287.9,17287.8,17287.8,17287.5,17287,999
030,1009.5,1009.5,1009.5,1009.5,1009.5,990.4,999,9262.6,9262.6,9262.7,9262.5,9262.6,10388.3,999
031,1590,1590,1581.2,1581.2,1581.2,1581.2,999,16623.4,16623.6,16595.9,16596.2,16596.5,16596.5,999
032,2386,2386,2386,2386,2386,2386,999,29418.1,29419.1,29418.8,29419.1,29419.9,29419.7,999
033,1749,1749,1749,1749,1749,1749,999,20936.7,20937,20936.8,20936.8,20936.9,20934.8,999
034,940.4,940.4,940.4,940.4,990.1,940.4,999,9993.7,9993.9,9994.2,9994.2,10477,9993.7,999
035,433.7,433.7,433.7,433.7,433.7,434.4,999,4407.3,4407.3,4407.3,4407.3,4407.3,4412.1,999
036,1226.1,1226.7,1292.1,1292.1,1267.3,1267.3,999,15413.6,15420.3,15797,15797.1,15858.4,15858.8,999
037,1103.7,1082.5,1090.2,1090.2,1082.5,1082.5,999,15202.4,15161.8,15149.3,15149.3,15161.6,15162,999
038,1152.2,1148.3,1148.3,1148.3,1027.2,1027.2,999,8136.3,8082.6,8082,8082.3,8036.1,8036.4,999
039,993.4,549.8,549.8,549.8,551.3,551.3,999,7585.1,4844.7,4844.7,4844.7,4851,4851,999
040,798.4,798.4,798.4,798.4,791.6,791.6,999,9016.2,9016.3,9016.2,9016.3,8961.9,8961.9,999
041,1075.4,1075.4,1075.4,990.1,990,990,999,9667.9,9667.8,9667.8,14369.2,14368.9,14366.6,999
042,914.4,914.4,1266.2,1240,1240,1240,999,11160.3,11160.7,13910.8,13932.2,13932.3,13932.5,999
043,903.1,903.1,903.1,903.1,903.1,903.1,999,9776.2,9776.2,9776.5,9776.6,9776.7,9776.6,999
044,252.4,252.4,252.4,252.4,1468.6,1468.6,999,2565.2,2565.5,2565.7,2565.6,14949.9,14949.9,999
045,1041.8,1041.8,1327.1,1193.2,1193.2,1193.2,999,14978.7,14978.4,14460.5,16857.4,16857.5,16857.6,999
046,1935.6,1914.4,1905.7,1905.7,1905.7,1827.1,999,19034.6,18994.4,18945.3,18945,18944.7,19333.9,999
047,2934.1,2934.1,2934.1,2934.1,2934.1,2934.1,999,31893.9,31894.2,31894.4,31894.6,31895.4,31895,999
048,303.2,298.1,298.1,2231.7,2231.7,2231.7,999,1216.1,1217.2,1217.2,19641.2,19641.4,19641.4,999
049,634.7,635,635,575.3,575.3,575.3,999,6935.2,6936.2,6936.1,6394.3,6394.4,6394.4,999
050,2110.4,1359.4,1359.4,1359.4,1359.4,1310.7,999,15268.7,11067.8,11067.8,11067.8,11067.8,11339.1,999
051,1050.2,1049.9,1049.9,1050.2,1050.2,1050.2,999,12633,12632,12632.1,12634,12634.2,12634.1,999
052,1785.4,1781.3,1781.3,1781.3,1781.3,1781.3,999,19150,19144.3,19144.4,19144.5,19144.6,19144.4,999
053,2447.8,2430.3,2467.9,2467.9,2467.9,2467.9,999,25911.2,25564.1,25846.7,25847.1,25848.5,25848.4,999
054,956.5,956.5,956.5,956.5,956.5,956.5,999,8937.8,8938,8938.2,8938.2,8938.1,8937.8,999
055,1213.6,1146.4,1146.4,1146.4,1096.6,1096.6,999,10168.7,9852.4,9851.3,9851.3,10057.3,10057.1,999
056,1360.3,1222.3,1244.9,1212.5,1212.5,1212.5,999,11565.9,11074.9,11262.6,10992.1,10992.2,10992.2,999
057,675.3,1341.9,675.3,675.3,675.3,675.3,999,5798,9978.4,5798,5798,5798,5797.7,999
058,872.8,872.8,872.8,872.8,872.8,872.8,999,10855.9,10856.2,10856.1,10856.1,10856.6,10856.8,999
059,1703.9,1675.4,1074.1,1074.1,1074.1,1074.1,999,15206.4,15408.8,11593.7,11593.6,11593.3,11592.9,999
060,879.9,879.9,879.9,879.9,879.9,879.9,999,8692.7,8692.8,8692.4,8692.6,8692.6,8692.2,999
061,482.2,482.2,482.2,482.3,465.9,465.9,999,4868,4868,4868.2,4868.4,4657.6,4657.8,999
062,1771.9,1771.9,1771.9,1771.9,1771.9,1771.9,999,19211.5,19212.2,19211.6,19211.7,19211.8,19211.5,999
063,20.1,2231,2231,2231,2231,2231,999,83,25819.8,25819.9,25819.8,25820.4,25820.6,999
064,1832.1,1832.1,1854.4,1753.8,1832.1,1745.2,999,17433.1,17433.3,17633.9,17073.1,17433.1,17358.8,999
065,1976.8,1976.8,1976.3,2032.5,1977,1976.3,999,20966.6,20966.8,20981.2,21509.7,21041,20980.8,999
066,1299.3,1299.3,1299.3,1299.3,1299.3,1299.3,999,12473.9,12473.8,12474,12473.7,12473.4,12473.3,999
067,2141.3,2119.2,2119.2,2119.2,2119.2,2119.2,999,21182.5,21087.9,21088,21087.9,21088,21087.6,999
068,756.2,756.2,756.2,756.2,756.2,756.2,999,7333.4,7333.4,7333.3,7333.4,7333.2,7333,999
069,803.7,803.7,803.7,803.7,803.7,803.7,999,12402.5,12402.5,12402.3,12402.3,12402.1,12402.2,999
070,1028.2,1028.2,1078.4,1028.2,1028.2,1028.2,999,14065.9,14066.3,15179.8,14066.1,14066,14065.7,999
071,2209.1,2209.1,2208.6,2264.8,2209.3,2208.6,999,20735.9,20736.2,20750.4,21279,20810.1,20749.7,999
072,1500,1500,1500,1500,1500,1500,999,17411.5,17411.7,17411.4,17411.4,17411.3,17411.3,999
073,202.9,202.7,1851.7,1812.8,1770.8,1770.8,999,1720.3,1719.9,19653,19301.9,21099.9,21100,999
074,1526.7,1526.7,1526.7,1526.7,1526.7,1488,999,17996.7,17996.7,17996.3,17996.4,17996.3,17981.9,999
075,2079.5,2014.9,2014.9,1708.6,1708.6,1708.6,999,16507.4,17240,17239.8,15586.6,15586.4,15586.6,999
076,141.9,141.7,2678,2678,2664,2654.1,999,1308.9,1308.5,29699,29699.2,30037.8,30160.4,999
077,764.7,782.1,782.1,782.1,782.1,782.1,999,7374.3,7549.8,7549.3,7549.5,7549.6,7549.5,999
078,766.3,766.3,766.3,766.3,766.3,766.3,999,10779.6,10779.6,10779.7,10779.9,10779.7,10779.7,999
079,596.3,596.3,596.3,596.3,596.3,596.3,999,8718.9,8718.9,8718.9,8719.4,8719.2,8719.2,999
080,441.8,441.8,531.3,611.9,611.9,522.3,999,4268.7,4268.7,4273,4420.6,4420.5,4414.3,999
081,1417.7,1417.7,1417.7,1417.7,1417.7,1417.7,999,17867.6,17867.8,17868.1,17868.4,17868.8,17868.7,999
082,1739.2,1739.2,1734.2,1734.2,1734.2,1761.4,999,17146.1,17146.8,17397.2,17397.3,17396.9,17465.1,999
083,2799.5,2757.1,2757.1,2757.1,2355.2,2338.7,999,30094.5,29559,29558.9,29559.3,26645.4,27126.7,999
084,806.6,806.6,806.6,806.6,913.9,806.6,999,6748.7,6748.4,6748.5,6748.6,7214,6748.9,999
085,1418.3,1419.2,1351.6,1351.6,1351.6,1350.7,999,12981.5,13022.1,13212.5,13212.3,13212.3,13171.2,999
086,1968.4,1968.4,2002.2,1968.4,1968.4,1919.7,999,18515.1,18515.3,18714.2,18515.6,18515.3,18786.6,999
087,715,715,1146.6,1054.4,1054.4,1054.4,999,10621.8,10621.8,15299.4,14354.3,14354.2,14354.4,999
088,1300.7,1300.7,1300.7,1300.7,1300.7,1300.7,999,11875.2,11875.1,11875.1,11875.1,11874.7,11875,999
089,836.4,836.4,827.6,827.6,827.6,827.6,999,7276.3,7276.4,7248.8,7248.8,7248.9,7249,999
090,1423.9,1423.9,1423.9,1423.9,1452.1,1452.1,999,12486.5,12486.9,12487,12487.1,12489.3,12489.4,999
091,1390.7,1390.7,1390.7,1563.9,1563.9,1517.4,999,14447.7,14448.3,14448,15427.3,15427.8,15341.6,999
092,1470.8,1470.8,1415.4,1468.8,1468.8,1468.8,999,14720.4,14721.1,17313.8,17127.9,17127.6,17127.9,999
093,1476.7,37.1,1616,1616,1595.5,1595.5,999,16163.4,230.4,17223.3,17222.9,19592,19589.7,999
094,1191.1,1191.1,1191.1,1191.1,1191.1,1191.1,999,10924.2,10923.7,10923.9,10924.1,10924.1,10924.5,999
095,813.6,813.6,813.6,813.6,813.6,813.6,999,6990.4,6990.6,6990.7,6990.6,6990.6,6990.5,999
096,1914.8,1914.8,1914.8,1914.8,1914.8,1914.8,999,24153,24153.3,24153.7,24153.8,24154.2,24151.7,999
097,1295.4,1194.2,1194.2,1194.2,1295.4,1295.4,999,17596,16889.9,16890.2,16890.4,17596.5,17596.3,999
098,787.9,787.9,787.9,787.9,787.9,787.9,999,9857.9,9858,9858,9857.7,9857.6,9857.7,999
099,600.1,615.6,615.3,615.3,615.9,615.9,999,5819.3,5992.4,5989,5989.2,5994.2,5994.2,999
100,2596.8,2596.8,2596.8,2596.8,2596.8,2596.8,999,27904,27904.7,27904.2,27904.4,27905.1,27904.4,999
101,313.6,313.6,313.6,313.6,313.6,313.6,999,2496.2,2496.1,2495.8,2495.8,2495.8,2495.8,999
102,794.8,794.8,728.8,728.8,728.8,728.8,999,7803.6,7803.6,7720.5,7720.7,7720.9,7720.9,999
103,1223.2,0,0,1201.3,1201.3,1201.3,999,12401.1,0,0,12706.1,12706.2,12706.2,999
104,474.8,474.8,474.8,474.8,549.7,474.8,999,4145.4,4145.6,4145.7,4145.8,4474.4,4145.6,999
105,1461.9,1461.9,1473.1,1475.6,1472,1472,999,20683.5,20684,21224.4,20563.2,21248.7,21248.7,999
106,1004.2,1004.2,1004.2,977.4,977.4,977.4,999,11056,11055.8,11056,11061.7,11061.5,11061.4,999
107,700.7,702.1,702.1,702.1,702.1,702.1,999,8130.3,8152.4,8152.2,8151.8,8151.6,8151.9,999
108,763.8,763.8,763.8,763.8,763.8,763.8,999,6879.2,6879.2,6879.1,6879.1,6879,6879,999
109,2459.8,2459.8,2459.8,2459.8,2459.8,2459.8,999,22606.3,22606.6,22606.4,22606.5,22606.4,22606.2,999
110,974.7,974.7,974.7,974.7,974.7,970.6,999,8743.3,8743.1,8743.1,8743,8742.8,9358.7,999
111,1003.3,1003.3,1001.7,1001.7,1001.7,1001.7,999,15043,15043.5,15046.9,15046.9,15047.2,15047.4,999
112,1697.1,1367.2,1754.2,2558.9,1535.7,1535.7,999,15099.6,16894.9,20152.1,25312.2,19960.9,19960.9,999
113,2323.7,2323.7,2323.7,2323.7,2323.7,2323.7,999,29323.1,29324,29323.6,29323.9,29324.7,29324.5,999
114,1200.7,1200.7,1200.7,1200.7,1199.7,1199.5,999,10718.6,10718.4,10718.5,10718.7,10870,10870.5,999
115,1764.2,1764.2,1774.4,1751.8,1751.8,1751.8,999,21102.1,21101.9,21187.6,21000.1,21000.5,21000.4,999
116,935.5,894.9,894.9,894.9,894.9,890.2,999,7425.6,8414.7,8414.7,8414.7,8414.9,7131.8,999
117,2370.9,2370.9,2385.9,2385.9,2444.6,2444.6,999,27553.7,27553.8,27564.3,27564.4,27783,27782.9,999
118,184.6,184.6,184.6,184.6,184.6,184.6,999,1636.6,1636.6,1636.3,1636.3,1636.3,1636.4,999
119,538.7,538.7,538.7,538.7,538.7,538.7,999,5068.1,5068.1,5068.3,5068.3,5068.3,5068.4,999
120,526.4,526.4,1385.1,1385.1,1385.1,1385.1,999,7095.9,7095.7,17937.9,17938,17938.5,17938.4,999
121,1778.6,1778.6,1778.6,1786.7,1786.7,1778.6,999,20262.2,20261.8,20261.9,19873.9,19875.4,20262.4,999
122,1447.6,1450.3,1447.6,1447.6,1447.6,1402,999,17790.6,16299.2,17790.1,17790.2,17790.5,18078.5,999
123,1356.5,1356.6,1356.9,1356.9,1843.6,1843.6,999,20879.3,20881.4,20885.5,20885.7,26492.8,26493.1,999
124,1535.4,1522.3,1522.3,1522.3,1520.6,1522.3,999,17696.7,16955.5,16955.7,16955.9,17535.6,16956.8,999
125,737.3,737.3,737.3,737.3,737.3,737.3,999,5773.6,5773.7,5773.7,5773.8,5773.8,5773.8,999
126,2627.5,672,672.3,672.3,2564,2564,999,24575,7557.4,7561.4,7561.4,26990.2,26990.1,999
127,864.7,864.7,864.7,864.7,864.7,864.7,999,8473.1,8473.3,8472.9,8472.8,8473,8473,999
128,514.4,514.4,514.4,514.4,514.4,514.4,999,5289.4,5289.2,5289.4,5289.3,5289.6,5289.5,999
129,935.2,935.2,935.2,935.2,931,931,999,9627.3,9626.6,9626.6,9626.7,9578.6,9579,999
130,625.7,625.7,983.1,983.1,983.1,983.1,999,7181.9,7181.7,11936,11936,11936.5,11936.3,999
131,691.4,691.4,691.4,691.4,691.4,691.4,999,6194.8,6195,6194.9,6195,6195,6194.9,999
132,495.3,495.3,1113.1,978.6,978.6,978.6,999,8808.5,8808.4,15988.5,16708.4,16708.5,16708.8,999
133,31.3,973,973,973,967.5,967.5,999,274.2,9255.2,9255.5,9255.2,9233.6,9233.6,999
134,947.7,973.4,972.5,972.5,941.5,933.5,999,8798.1,8897.1,8889.6,8889.3,8476,8442.2,999
135,630.5,630.5,630.5,630.5,630.5,630.5,999,5366,5366,5366,5366,5365.9,5365.9,999
136,1603.2,1603.2,1603.2,1603.2,1603.2,1603.2,999,17448.1,17447.8,17448.5,17448.3,17447.9,17447.4,999
137,876.4,876.4,876.4,876.4,876.4,872,999,7601.8,7601.8,7601.7,7601.8,7601.9,7648.9,999
138,81,81,81,403.4,403.4,403.4,999,328.8,328.8,328.8,2969.8,2969.8,2969.8,999
139,1357,1357,1357,1357,1357,1357,999,12306.7,12305.9,12305.4,12305,12305.3,12305.5,999
140,771.6,782.1,806.9,782.1,782.1,782.1,999,7179.3,7318.2,7494.2,7318.3,7318,7318,999
141,32.9,32.9,32.9,32.9,32.9,32.9,999,219.4,219.4,219.4,219.4,219.4,219.4,999
142,2938.2,2938.2,2938.2,2938.2,2938.2,2938.2,999,31308.4,31308.6,31308.9,31309,31309.4,31309,999
143,664.4,664.4,664.4,664.4,664.4,664.4,999,6296.4,6296.4,6296.8,6296.9,6297.2,6297.1,999
144,516.4,560.2,559.2,559.2,559.2,557.1,999,3706.1,3959.5,3936.6,3936.6,3936.6,3986,999
145,965.2,940.1,940.1,940.1,940.1,940.1,999,12067.2,11631.7,11632.1,11632.2,11632.3,11632.3,999
146,2065.5,2065.2,2065.2,2065.5,2065.5,2065.5,999,24824,24822.6,24822.8,24824.6,24824.9,24825,999
147,519.1,519.1,519.1,519.1,519.1,519.1,999,7532,7532,7531.9,7531.9,7531.7,7529.5,999
148,289.1,289.1,663.5,512.4,512.4,512.4,999,4619.6,4619.3,8698.8,7385,7384.9,7384.9,999
149,1785.6,1785.6,1758.3,1758.3,1758.3,1753,999,19615.5,19615.6,19435.4,19435.3,19435.6,19778.1,999
150,1605.6,1580.1,1580.1,1580.1,1580.1,1580.1,999,15010,14917.6,14916.7,14916.6,14916.3,14916.7,999
151,573.7,573.7,573.7,573.7,573.7,617.2,999,5695.7,5695.8,5695.7,5695.7,5695.5,5989.5,999
152,1752.8,1754.8,1754.8,1754.8,1754.8,1754.8,999,16239.1,16253.2,16253.3,16253.4,16253.1,16253.2,999
153,772.1,772.1,772.1,772.1,772.1,772.1,999,8074.1,8074,8074.1,8074.2,8074.3,8074.3,999
154,1532.2,1532.2,1563.6,1563.6,1563.6,1563.6,999,14820.6,14820.7,14837.7,14837.8,14837.8,14837.8,999
155,1633.3,1633.3,1633.3,1633.3,1761.8,1756.4,999,17346.6,17346.7,17346.2,17346.3,18605.5,18141.9,999
156,1035.1,1035.1,1035.1,1035.1,1035.1,1035.1,999,9127.9,9128.1,9128,9128.1,9128,9128.1,999
157,1422.4,1422.4,1422.4,1422.4,1422.4,1422.4,999,13210.1,13210.3,13210.6,13210.3,13210.5,13210.3,999
158,1111.7,1111.7,1111.7,1111.7,1111.7,1111.7,999,10673,10673.3,10672.6,10672.5,10672.7,10672.8,999
159,229.1,229.1,229.1,229.1,229.1,229.1,999,2544.9,2544.9,2544.9,2544.9,2544.9,2544.9,999
160,1015.4,1086,1049.8,1049.8,1029.5,1015.4,999,9990,10268.3,10116.4,10116.5,10257,9990.2,999
161,494.6,494.6,460.1,455.8,455.8,455.8,999,4243.4,4243.5,4153.7,4159,4159.2,4158.7,999
162,1279.2,1279.2,1279.2,1237.1,1237.1,1237.1,999,13583.1,13583.2,13583.9,13523.1,13522.9,13522.4,999
163,1126.4,1126.4,1120.7,1144.5,1144.5,1144.5,999,10228.4,10228.6,10207.1,13292.7,13293.3,13293.2,999
164,1818.7,1818.7,1819.1,1819.1,1819.1,1819.1,999,17100.3,17100.5,17105.9,17106.1,17106.9,17107.1,999
165,2947.5,2947.5,2947.5,2947.5,2947.5,2995.1,999,34525.9,34526.1,34526.4,34526.5,34527.1,34543.1,999
166,1071.2,1071.2,1071.1,1071.1,1071.1,1071.1,999,10463.6,10463.6,10436.5,10436.5,10436.5,10436.2,999
167,1573.1,1573.1,1564.3,1564.3,1564.3,1554.9,999,14939.8,14939.5,14912,14912.2,14912.2,17423.8,999
168,625,625,895.4,895.4,895.4,895.4,999,5620,5619.9,7986.9,7986.8,7987.2,7987.5,999
169,853.9,999.8,880.6,880.6,880.6,885.3,999,13208.5,14502.9,13399.5,13399.6,13400.1,13445.2,999
170,721.5,721.5,691.4,691.4,691.4,948,999,6634.6,6635.1,6552.3,6552.4,6552.4,7580.1,999
171,1354.1,1354.1,1354.1,1354.1,1354.1,1354.1,999,19292.2,19292.8,19293,19293.2,19293.1,19290.9,999
172,1404.3,1404.3,1404.3,1404.3,1404.3,1404.3,999,15607,15606.5,15606.7,15606.8,15607.3,15607.4,999
173,1091.1,1091.1,1091.1,1091.1,1091.1,751.3,999,10595.4,10595.5,10595.3,10595.3,10595.1,10367.5,999
174,561.6,593.5,593.5,593.5,593.5,593.5,999,4976.2,4994.4,4994.4,4994.4,4994.6,4994.5,999
175,627.8,627.8,627.8,630.3,627.8,627.8,999,8133.2,8133.2,8133.3,7472.1,8133.3,8133.3,999
176,2059.3,2059.3,2059.3,2059.3,2059.3,2059.3,999,20590.8,20591.1,20591.2,20591.1,20591.3,20590.9,999
177,1202.2,1201.9,1201.9,1202.2,1202.2,1202.2,999,16246,16244.5,16244.8,16246.9,16246.9,16246.9,999
178,938.8,938.8,938.8,938.8,938.8,938.8,999,8320.4,8320.5,8320.6,8320.7,8320.7,8321.1,999
179,1578.2,1578.2,1578.2,1578.2,1539.9,1477.2,999,14891.2,14891.4,14891.4,14891.3,14812.8,15173.6,999
180,1604.6,298.3,298.6,298.6,1559.8,1559.8,999,15496.9,4308.9,4313,4313,17974.8,17975.1,999
181,1304.8,1304.8,1304.8,1304.8,1304.8,1332,999,12254.5,12255.5,12254.8,12254.2,12254.1,12322.6,999
182,1070.8,1124.4,1128.7,1128.7,1021.5,1021.5,999,15624.4,15951.3,15961.6,15961.7,15310.1,15308.3,999
183,498.7,498.7,498.7,498.7,498.6,498.6,999,5049.1,5049.5,5049.5,5049.6,5049.2,5049.2,999
184,1690.2,1690.2,1662.2,1662.2,1662.2,1840.8,999,16398.8,16400.1,16444.1,16444.2,16443.5,18188.7,999
185,2350.1,2350.1,2350.1,2350.1,2350.1,2350.1,999,24444.4,24444.8,24444.3,24444,24443.9,24444.1,999
186,1619.5,1619.5,1619.4,1619.4,1619.4,1619.4,999,17255.1,17254.4,17236.9,17237.1,17236.9,17236.8,999
187,1985.7,1985.7,1982,1982,1982,1982,999,19963.7,19963.8,20040.5,20040.6,20040.2,20039.9,999
188,493,497.9,498.9,498.9,498.9,498.9,999,4283.2,3933.9,4681.5,4681.2,4681.4,4681.4,999
189,447.5,447.5,447.5,447.5,447.5,447.5,999,3955.3,3955.3,3955.3,3955.3,3955.3,3955.3,999
190,1945.8,1945.8,1316.9,1319.4,1316.9,1316.9,999,19303.8,19304.1,15124.2,14463,15124.6,15124.5,999
191,1171.6,1171.6,1171.6,1171.7,1171.7,1154.4,999,11371.3,11371.1,11371.7,11290.4,11290.4,11253.4,999
192,675.9,675.9,925.5,925.5,925.5,925.5,999,10170.3,10170.4,12497.7,12497.8,12497.7,12497.9,999
193,1288.8,1288.8,1288.8,1288.8,1288.8,1288.8,999,19880.1,19880.4,19880.1,19880.2,19880.6,19878.2,999
194,1238.5,1238.5,1447.1,1289.6,1289.6,1289.6,999,14181.6,14181.8,16484.4,14730.6,14730.7,14730.7,999
195,1288.2,1070.3,1070.3,1070.3,1288.2,1288.2,999,18845.5,17226.1,17226.3,17226.4,18846,18846.1,999
196,719.8,719.8,719.8,719.8,719.8,762.9,999,7366.5,7366.7,7366.4,7366.3,7366.4,7457.9,999
197,1262.3,1313.3,1452.4,1321.6,1321.6,1321.6,999,15531.6,15647.3,14904.8,15689.1,15688.9,15689.3,999
198,1865.5,1865.5,1837.5,1837.5,1837.5,1837.5,999,16397.6,16398.8,16443,16443,16442.5,16442.3,999
199,1303.3,1303.3,1303.3,1303.3,1303.3,1303.3,999,17684.9,17685.3,17685.1,17685.3,17685.9,17686.1,999
200,1448.4,1377.8,1360.8,1360.8,1360.8,1360.8,999,17594.5,17567.7,17345.5,17345.8,17346.4,17346.6,999
201,1319.5,1319.5,1319.9,1319.9,1333.7,1315.7,999,13177.6,13177.7,13184,13184.1,12788.7,13136.2,999
202,840.7,840.7,764.2,764.2,764.2,764.2,999,7235.1,7235.2,7067.8,7067.9,7067.8,7067.5,999
203,1281.2,1281.2,1281.2,1254.4,1254.4,1254.4,999,13499.2,13499,13499.2,13504.8,13504.7,13504.6,999
204,1543,1543,1543,1543,1543,1543,999,20739.9,20739.8,20739.2,20739,20739.6,20739.5,999
205,397.2,397.2,397.2,397.2,397.2,397.2,999,4230.7,4230.7,4230.7,4230.7,4230.6,4230.5,999
206,1945.5,1855.9,1885.8,1855.9,1855.9,1855.9,999,17010.2,17777.4,17340.9,17777.6,17777.7,17777.3,999
207,1729,1707.8,1707.8,1700.8,1700.8,1620.3,999,17372.3,17331.9,17331.6,16906.8,16906.7,19316.1,999
208,783.9,783.9,783,783,748.3,748.3,999,6734.2,6734.1,6726.9,6727.1,6320.4,6320.1,999
209,2065.5,1863.4,1878.6,1889.9,1873.8,1873.8,999,19665.2,18947.3,19025.8,19100.7,19016.2,19015.9,999
210,2313.5,2313.5,2313,2369.2,2313.7,2313,999,21581.7,21582,21596.4,22125,21656.1,21595.7,999
211,852.1,852.1,852.1,852.1,852.1,852.1,999,9459.8,9459.8,9459.6,9459.6,9459.6,9459.5,999
212,608.6,608.6,1268.3,1268.3,1268.3,1268.3,999,7880.8,7880.6,18254.4,18254.5,18254.6,18254.5,999
213,661.2,661.5,661.5,661.5,661.5,661.5,999,5511,5513.2,5512.7,5512.8,5512.8,5512.9,999
214,1805,1805,1798.2,1774.4,1774.4,1774.4,999,17758.3,17758.8,17689.7,17477,17476.6,17476.4,999
215,1722.8,1723.3,1723.3,1812.3,1812.3,1812.3,999,19054.1,19056.1,19056.9,19000.9,19000.6,19000.4,999
216,940.3,940.3,914.8,914.8,914.8,914.8,999,13112.9,13113,12853.8,12854,12853.9,12854,999
217,1597,1562.1,933.2,933.2,933.2,933.2,999,13682.1,13776.5,9596.9,9597,9597.3,9597,999
218,1391.9,1374.4,1374.4,1374.4,1374.4,1366.5,999,18238,17209.9,17209.9,17210.1,17210.4,17006.9,999
219,2250.6,2244.6,2176.2,2176.5,2176.5,2176.5,999,27140.3,27476,24040.4,24042.5,24044,24044,999
220,1476.5,1476.5,1610.9,1610.9,1610.9,1610.9,999,15815.1,15815.1,17352.6,17352.5,17352,17351.7,999
221,934.7,708.6,914.7,914.7,708.6,708.6,999,6620.1,5743.7,6972.3,6972,5744.1,5744.1,999
222,1867.9,1867.9,1867.9,1867.9,1867.9,1867.9,999,21973.3,21974,21974.1,21974.2,21974.3,21972.2,999
223,26.2,26.2,26.2,26.2,26.2,26.2,999,174.7,174.7,174.7,174.7,174.7,174.7,999
224,1123.3,1123.3,1123.3,1123.3,1123.3,1123.3,999,13980.4,13980.4,13980.4,13980.5,13980.7,13978.5,999
225,2327.1,2327.1,2911.7,2911.7,2911.7,2911.7,999,23306.8,23307.2,27665.9,27665.8,27666.1,27665.2,999
226,913,909.2,913,913,962.7,909.2,999,8600.1,9015.2,8599.9,8600.1,9083,9015.1,999
227,214,214,214,214,214,214,999,2216.9,2216.9,2216.9,2216.9,2216.9,2216.8,999
228,813.8,813.8,813.8,813.8,813.8,813.8,999,7551.2,7551.1,7550.9,7551,7551,7550.8,999
229,941.1,950.7,950.7,950.7,950.7,950.7,999,7449.6,7869.5,7869,7869.2,7869.7,7869.7,999
230,2008.4,2008.4,2008.4,2008.4,2008.4,2008.4,999,23687.5,23688,23687.9,23688.1,23688.2,23686,999
231,1467.6,1467.6,1467.6,1443.8,1444.4,1444.4,999,13153.1,13154,13159.8,12947,12949.9,12950.1,999
232,1404.3,1548.7,1548.7,1548.7,1548.7,1548.7,999,14495.4,15134.3,15134.3,15133.8,15133.5,15133.5,999
233,77.6,77.6,952.7,952.7,952.7,952.7,999,628.1,628.1,9877.1,9877,9877.1,9877.2,999
234,1105.8,1105.8,1105.8,1105.8,1105.8,1105.8,999,14312.8,14313.1,14313.4,14313.5,14313.4,14313.4,999
235,987.6,987.6,987.6,987.6,987.6,987.6,999,9741.1,9740.8,9741.5,9741.6,9741.4,9741.2,999
236,2214.8,2447.2,2215.1,2215.1,1760.4,1760.4,999,22108.9,22594.1,21651,21651.3,19985,19985,999
237,1888,1890.7,1888,1888,1888,1787.7,999,21589.6,20098.4,21589.2,21589.5,21589.7,21842.6,999
238,1444.6,1444.6,1435.8,1435.8,1433.5,1428.2,999,16895.6,16895.7,16833.4,16833,16700.3,17043.2,999
239,3200.7,3200.7,3191.9,3191.9,3191.9,3191.9,999,34874.3,34875.2,34847,34847.3,34848.1,34847.6,999
240,1413.2,1413.2,2024.8,2024.8,2024.8,2024.8,999,17940.6,17941.1,22594.3,22594.4,22595,22595,999
241,1421.5,1421.5,1421.5,1421.5,1421.5,1421.5,999,12340.5,12340.7,12340.7,12340.7,12340.7,12340.5,999
242,1646.8,1646.8,1646.8,1636.4,1622.4,1622.4,999,18526.9,18526.7,18527,18317.9,18655.8,18655.8,999
243,907.3,907.3,907.3,907.3,907.3,907.3,999,7871.5,7871.7,7871.8,7871.8,7871.8,7872,999
244,1517.2,0,1631.3,1631.3,1638.5,1638.5,999,16732.4,0,17582.3,17582,19952.4,19950,999
245,1289.8,1289.9,1281.4,1281.4,2011.5,2011.5,999,17902.2,17904.4,17881,17881.2,25762.6,25763,999
246,699.8,699.8,699.8,699.8,699.8,691.5,999,5763.3,5763.2,5763.4,5763.2,5763.6,6031.2,999
247,2226.1,2226.1,287,287,2175.6,2175.6,999,21125.3,21125.9,2872.5,2872.4,22254.8,22254.3,999
248,1831.9,1831.9,1665.3,1665.3,1720.8,1712.3,999,17506.2,17506.3,16749.9,16749.9,16041.4,18851.4,999
249,874.5,874.5,874.5,874.5,874.5,874.5,999,11673.1,11673.3,11673.3,11673.3,11673.4,11673.4,999
250,1433.7,1435.8,1435.8,1435.8,1435.8,1435.8,999,14161.5,14175.9,14175.8,14175.9,14175.8,14175.9,999
251,1293.8,1265.5,1265.5,1265.5,1265.5,1262.8,999,18470.8,17569.3,17569.3,17569.6,17569.8,17593.2,999
252,1737.1,1616.7,1616.7,1589.3,1589.3,1589.3,999,17083.4,16119.3,16119.6,16118.5,16118.3,16118.3,999
253,861.3,1317.6,861.7,861.7,1196,1196,999,13621,15638.9,13627.3,13627.4,17465.6,17465.4,999
254,227.8,223.4,1953.6,1953.6,1939.6,1937.5,999,1867.3,1858.8,19834,19833.7,20171.4,20220.6,999
255,1174.2,1473.2,1174.6,1175,1464.7,1464.7,999,16789.4,14432.9,16795.4,18083.5,21611.4,21611.5,999
256,1045.5,1045.5,1043.9,1043.9,1043.9,1043.9,999,14100.8,14101.3,14104.6,14104.6,14105,14105.2,999
257,1076,1076,1076,1076,1076,1076,999,13504.1,13504.2,13504.7,13504.7,13504.6,13504.6,999
258,2058.4,2088.7,2068,2068,2068,2068,999,19769,19860.3,20188.3,20188.1,20188.4,20187.9,999
259,1029.8,1029.9,1030.2,1030.2,1253.8,1253.8,999,15446.6,15448.6,15453,15453,18503,18503,999
260,1458.7,1437.6,1427.9,1427.9,1997.2,1997.2,999,20682.3,20643.7,20565,20565.4,26724.2,26724.4,999
261,3056.5,3056.5,3056.5,3056.5,3056.5,3056.5,999,35453.1,35453.9,35453.4,35453.6,35454.4,35453.9,999
262,822.4,801.2,801.2,801.2,801.2,801.2,999,7879.1,7838.8,7839,7839.1,7839,7839,999
263,1287.6,1287.6,1287.6,1287.6,1287.6,1287.6,999,16099.6,16099.8,16100.2,16100.2,16100.4,16100.1,999
264,536.3,536.3,536.3,536.3,536.3,513.9,999,6500.6,6500.6,6500.6,6500.6,6500.5,6677.6,999
265,35,35.4,35.4,35.4,35.4,35.4,999,31.6,33.5,33.5,33.5,33.5,33.5,999
266,1338.3,1338.3,1338.3,1280.2,1280.2,1280.2,999,18050.1,18050.1,18049.9,17515,17514.9,17515,999
267,1401.7,1401.7,1373.7,1373.7,1373.7,1373.7,999,13162.5,13162.8,13206.4,13206.5,13206.6,13206.4,999
268,1792.2,1792.2,1850.6,1850.6,1850.6,1750.3,999,17830.8,17830.8,20046.8,20047,20047.2,20299.6,999
269,1700.7,1700.7,1674.5,1674.5,1674.5,2124,999,18401.6,18401.5,17016.7,17017,17017.1,20995.8,999
270,408.3,408.3,408.3,408.3,408.3,408.3,999,4103.3,4103.6,4103.3,4103.5,4103.4,4103.3,999
271,2206.3,1763.3,1763.3,2044.6,2044.6,2044.6,999,22368.4,19760,19759.9,21590.5,21591,21590.4,999
272,3513.3,3513.3,3513.3,3513.3,3513.3,3513.3,999,37915.9,37916.5,37916.2,37916.5,37917.3,37916.8,999
273,844.1,844.1,844.1,844.1,844.1,844.1,999,8013.3,8013.7,8013.8,8013.4,8013.5,8013.7,999
274,1178.4,1170.2,1170.4,1170.4,1177.7,1177.5,999,13301.5,13191,13245.2,13244.9,13269.9,13215.9,999
275,1367.8,1463.7,1434.1,1434.1,1443.8,1443.8,999,20119.5,20459.1,20653,20652.9,20968.6,20968.8,999
276,1508.5,1508.5,1490.1,1490.1,1490.1,1490.1,999,14187.8,14187.8,15562.6,15562.8,15562.6,15562.4,999
277,784.4,784.4,784.4,784.4,555.5,555.5,999,6061.1,6061,6061,6060.9,4495.2,4495.2,999
278,1459.3,1459.3,1459.3,1459.3,1519.8,1519.8,999,17965.6,17965.5,17965.6,17965.5,18102.6,18102.7,999
279,435.1,435.1,421.6,421.6,421.6,421.6,999,3029,3029,3265.8,3265.8,3265.8,3266,999
280,1220.4,1220.4,1220.4,1191.9,1191.9,1191.9,999,13698.2,13698.8,13699.5,14577.4,14577.3,14575.2,999
281,385.8,387.8,387.9,387.9,387.9,360.4,999,2927.3,2948.8,2950.4,2950.4,2950.5,2949.9,999
282,1502.4,1502.4,1502.4,1502.4,1502.4,1526.4,999,16431.4,16432.1,16431.8,16431.9,16432.2,16536.3,999
283,2190.7,2190.7,2190.7,2190.7,2190.7,2177.7,999,22563.8,22563.8,22564.3,22564.4,22564.5,24734.5,999
284,873.3,873.3,873.3,873.3,873.3,873.3,999,9986.7,9987.1,9986.5,9986.3,9985.9,9985.8,999
285,725.4,735,734.2,734.2,734.2,734.2,999,5926.5,6346.1,6334.1,6334.1,6334.3,6334.3,999
286,1345.5,1345.5,1345.5,1345.5,1345.5,1345.5,999,14327.3,14327.5,14327.3,14327.3,14327.5,14327.1,999
287,663.8,688.1,683.5,683.5,695.3,695.3,999,5294.2,5395.2,5383,5383,5432,5432,999
288,3.6,3.6,3.6,3.6,1420.5,1420.5,999,23.9,23.9,23.9,23.9,14353.6,14353.8,999
289,1004.4,1004.4,998.7,998.7,997.8,997.8,999,10589.4,10589.4,10568.1,10567.9,9456.2,9456.2,999
290,1786,1786,1786,1786,1786,1786,999,16789.1,16788.2,16787.6,16787.4,16787.7,16788,999
291,1202.6,1076.6,1200.6,1076.6,1207.9,1207.9,999,11082.5,11344,11140.9,11343.9,11149.1,11149.2,999
292,1049.5,1063.7,1078.1,1066,1066,1049.7,999,9928.5,9544.9,9622.3,10014.1,10013.7,9928.8,999
293,1691.2,1691.2,1691.2,1691.2,1691.2,1691.2,999,22622.4,22622.5,22621.9,22622.1,22622.3,22622.3,999
294,1587.5,1632.8,1587.5,1587.5,1587.5,1570.2,999,15265.5,16630.4,15266.2,15266,15265.6,15228.4,999
295,2012.4,2012.1,1383.2,1383.5,1383.5,1383.5,999,18852.7,18851.6,14672.4,14674.3,14674.9,14674.9,999
296,1950.2,1950.2,1926.3,1926.3,1926.3,1922.2,999,19986.9,19987.5,20053.9,20054,20054.1,20031.1,999
297,1291.7,1291.7,1291.7,1271.7,1271.7,1271.7,999,16137,16137.1,16136.7,16069.3,16069.9,16069.9,999
298,1995.1,1995.1,2180.4,2344.4,1566.1,1566.1,999,19479.3,19479.3,20806.3,21893.3,16660.8,16661,999
299,2052,1849.9,1865.1,1876.3,1860.2,1860.2,999,17622.5,16904.3,16983.2,17057.8,16973.4,16973,999
300,2365,2365,2355.9,2412.1,2356.6,2355.9,999,24284.1,24284.4,24289.1,24817.7,24348.9,24288.9,999
301,685.4,690.3,681.1,681.1,681.1,681.1,999,5924.3,5843.6,5594,5594,5594.1,5594.5,999
302,1084.3,1084.3,1084.3,1084.3,1092.3,1084.3,999,9404.7,9404.8,9404.1,9403.6,9437,9403.6,999
303,1501.6,1501.6,1431.3,1431.3,1436.6,1336.3,999,13051,13051,12910.4,12910.5,12947.8,13202.9,999
304,2297.8,2215.4,2297.3,2215.4,2215.4,2215.4,999,20725.2,19769,20739.9,19768.6,19768.6,19768,999
305,939.2,817.6,817.6,817.6,818.2,818.2,999,9552.3,8872.6,8872.7,8872.5,8876.6,8876.5,999
306,1451.6,1451.6,1451.6,1451.6,1451.6,1451.6,999,16114.2,16114.2,16114.3,16114.3,16114.2,16114.3,999
307,1154.3,1154.3,1154.7,1152,1152,1152,999,10661.5,10661.8,10667.8,10460.1,10460.3,10460.3,999
308,1217.3,1217.3,1217.3,1217.3,1217.3,1217.3,999,10825.9,10826.1,10826.2,10826.2,10826.1,10826.2,999
309,2369.4,2372.1,2554.7,2718.7,1946.3,1946.3,999,24542.6,23051.2,25869.8,26956.7,22505.9,22503.8,999
310,1322.9,1238.4,1238.4,1238.4,1238.4,1238.4,999,15426.4,15055.5,15055.3,15055.6,15056.1,15056.1,999
311,1692.1,1388.9,1369.6,1631.9,1631.9,1631.9,999,18033.2,16190.9,16075.7,17895,17895,17906.5,999
312,92.5,92.5,92.5,92.5,92.5,92.5,999,271.7,271.8,271.8,271.8,271.8,271.8,999
313,1774.5,1749.4,1846.6,1774.5,1846.6,1846.6,999,15701.8,15473.8,16417.8,15702.3,16417.8,16417.4,999
314,784.1,784.1,784.1,784.1,784.1,784.1,999,8767.8,8767.9,8767.7,8767.8,8767.7,8767.7,999
315,1778.9,1748.7,1748.7,1748.7,1749.3,1764.4,999,17161.9,16993,16993.4,16993.3,16992.7,17033.7,999
316,1670.7,1551.6,1670.7,1670.7,1670.6,1670.6,999,16739.5,16438.5,16739.1,16738.9,16738.6,16738.5,999
317,1628.2,285.1,285.4,285.4,1564.1,1564.1,999,15758.2,4309.8,4313.9,4313.9,18170.4,18170.5,999
318,1707.6,1710.3,1892.9,2056.9,1291,1291,999,19463.2,17972,20790.2,21876.9,15394.4,15392.3,999
319,923.9,923.9,1498.8,1498.8,1498.8,1498.8,999,8585.1,8585.5,11815.7,11815.5,11815.6,11815.7,999
320,635.8,635.8,635.8,635.8,635.8,635.8,999,5767.1,5766.9,5767.4,5767.4,5767.1,5767.1,999
321,1550.5,1550.5,1560.6,1552.5,1552.5,1510.5,999,14321.9,14321.8,14414.3,14337.1,14336.7,14629.7,999
322,569.8,569.8,569.8,569.8,569.8,569.8,999,5479.2,5479.4,5479.2,5479.3,5479.3,5479.3,999
323,1997.3,1997.3,2034.7,2090.9,2035.4,2034.7,999,20219.6,20219.3,20455.4,20983.9,20515.5,20455.3,999
324,1118,2579,1118.4,1118.4,2062.9,2045.1,999,16865.6,25435.1,16871.9,16872,25952,25800.6,999
325,3444.9,3444.9,3444.9,3444.9,3444.9,3444.9,999,37827.1,37827.7,37827.2,37827.5,37828.3,37827.8,999
326,1300.6,1410.6,1410.6,1410.6,1329.6,1905.1,999,16537.3,16996.9,16996.8,16997.2,16673.2,21205.8,999
327,929.7,929.7,920.9,920.9,920.9,920.9,999,9744.3,9744.6,9716.7,9716.9,9716.9,9716.9,999
328,2020,2020,2020,2020,2020,2020,999,22255.4,22256,22255.7,22256.2,22256.8,22256.8,999
329,1831.6,1831.6,1831.6,1831.6,1831.6,1831.6,999,20243.7,20243.7,20243.4,20243.4,20243.2,20240.9,999
330,1290.4,1290.4,1290.4,1290.4,1290.4,1290.4,999,13989.2,13989.2,13989.4,13989.3,13989.5,13989.5,999
331,678.1,561.8,1178.5,1178.5,1165.3,1165.3,999,7770.9,7252.2,15968.7,15968.6,15976.4,15976.1,999
332,2284.5,2284.5,2280.1,2280.1,2280.1,2280.1,999,27703.8,27704.7,27770.6,27770.5,27770.7,27770.5,999
333,1197,1197,1230.8,1197,1197,1197,999,11933.1,11933.2,12132,11933.5,11933.4,11933.4,999
334,1515.2,1515.2,1515.2,1515.2,1515.2,1515.2,999,15353.9,15353.6,15353.6,15353.3,15353.1,15353.3,999
335,677.4,677.1,1208.8,1075.4,1075.4,1075.4,999,7551.2,7550.1,13041.6,12280.2,12280.1,12280.1,999
336,1281.6,1281.6,1281.6,1281.6,1281.6,1281.6,999,15187.3,15186.6,15185.9,15185.8,15186.4,15186.5,999
337,1838.7,1838.7,1838.7,1811.9,1811.9,1811.9,999,21744.4,21744.4,21744.7,21750.5,21750.5,21750.4,999
338,1104.4,1524.8,1524.8,1524.8,1524.8,1524.8,999,17743.3,19452.2,19452.3,19452.3,19452.7,19452.9,999
339,1134.6,998.3,998.3,992.3,992.3,992.3,999,8054.7,8861.6,8861.6,8803.2,8803.6,8803.6,999
340,3157.2,3157.2,3157.2,3157.2,3157.2,3157.2,999,34327.4,34328.6,34328.4,34328.7,34329.6,34329.1,999
341,1005,594.6,562,562,562,562,999,9306.4,6233.4,6697.3,6697.4,6697.6,6697.5,999
342,2628.9,2628.9,2628.9,2628.9,2628.9,2628.9,999,28833.7,28833.6,28834,28833.9,28833.6,28833,999
343,561.6,561.6,561.6,561.6,569,561.6,999,6042.6,6042.8,6042.2,6042.2,6109.5,6042,999
344,1277.1,1277.1,1277.1,1182.8,1210,1210,999,14480.3,14480.5,14480.5,15589.4,15393.6,15393.6,999
345,984.1,984.1,983.6,983.6,983.6,983.6,999,9207.9,9208,9222.2,9222,9221.9,9222,999
346,862.7,841.5,831.5,831.5,869.3,869.3,999,8429,8388.4,8305.8,8306.1,8694.4,8694.3,999
347,1167.3,1167.3,1167.3,1147.3,1147.3,1147.3,999,11390.5,11390.7,11391,11323,11322.9,11322.8,999
348,1217.9,1217.9,1217.9,1217.9,1217.9,1210.7,999,13198.5,13198.9,13199,13199.2,13199.1,15306.5,999
349,610.7,610.7,668.7,668.7,668.7,668.7,999,8066.1,8066.1,8531.1,8531.1,8530.9,8530.9,999
350,1664,1664,1664,1664,1643.5,1643.5,999,17890.4,17890.2,17890.2,17890.1,20259.2,20256.9,999
351,1217.5,1217.5,1217.5,1217.5,1208.9,1208.9,999,11000.9,11000.8,11000.9,11000.8,11287,11286.9,999
352,1501.5,1460.4,1451.4,1451.4,1451.4,1451.4,999,12757,12135,12565.3,12565.2,12565.6,12565.5,999
353,1317.5,1317.5,1317.5,1317.5,1317.5,1317.5,999,12462.5,12462.5,12462.1,12462.1,12462.3,12462.3,999
354,463.4,522.5,412,412,412,412,999,3311.9,4527.3,3257.2,3257.1,3257.2,3257.2,999
355,1568.7,1438.7,1438.7,1438.7,1438.7,1438.7,999,15416.9,14044,14043.6,14043.8,14044,14044.1,999
356,299.2,400.1,400.1,400.1,400.1,400.1,999,2974.9,4011.6,4012,4011.7,4011.8,4011.9,999
357,1749.7,1749.7,1749.7,1749.8,1748.3,1709.6,999,19555.5,19555.5,19554.9,19555.3,17277.7,17263.5,999
358,706.8,706.8,706.8,706.8,706.8,706.8,999,6418.4,6418.5,6418.7,6418.6,6418.7,6418.7,999
359,8.3,8.3,8.3,8.3,8.3,8.3,999,57.4,57.4,57.4,57.4,57.4,57.4,999
360,1364.5,1364.4,1364.4,1364.4,1364.4,1292,999,11974.8,11975.2,11975.4,11975.2,11975.2,12081.9,999
361,3015.9,3015.9,3015.9,3015.9,2953.9,2953.9,999,34571.3,34572,34571.4,34571.6,34301.6,34301.1,999
362,972.2,972.3,941.7,941.7,941.7,941.7,999,7959,7960,8964.6,8964.4,8964.7,8964.7,999
363,875.5,875.5,875.5,875.5,875.5,870.7,999,8086.4,8085.8,8085.6,8085.4,8085.9,8241.5,999
364,1652.1,1652.1,1690.6,1690.6,1690.6,1690.6,999,19286.1,19286.3,19466.7,19467,19468,19468,999
365,982.5,982.6,982.9,982.9,1764.4,1764.4,999,15260,15262,15266.3,15266.4,22929.8,22929.7,999
366,1110,1110,1110,1110,1110,1110,999,15413.4,15414,15413.6,15413.9,15414.1,15414.1,999
367,996.2,996.2,1030,996.2,996.2,996.2,999,10014.3,10014.4,10213.2,10014.7,10014.4,10014.5,999
368,17.3,17.3,17.3,1337.2,1337.2,1337.2,999,72.2,72.2,72.2,20722.8,20723.1,20723.8,999
369,1845.8,1588.5,1430.5,1430.5,1430.5,1422.3,999,13842,12406.2,11955.5,11955.7,11956.1,11636.1,999
370,264.5,264.5,276.3,276.3,276.3,276.3,999,1793.9,1793.8,1872.7,1872.7,1872.9,1872.8,999
371,1896,1896,1889.2,1865.4,1866,1866,999,17603.3,17604.1,17535.1,17322.4,17325.2,17325.2,999
372,1383.8,1385.8,1413.2,1413.2,1385.4,1385.4,999,15272.6,15293.6,15277.6,15277.5,15350.6,15350.9,999
373,877.3,877.3,877.3,877.3,877.3,816.8,999,9070,9069.6,9069.3,9069.3,9069.4,9555.8,999
374,1297,1297,1297,1297,1297,1297,999,13245.2,13244.7,13245.5,13245.4,13245.3,13244.9,999
375,1662.4,1584.3,1581.8,1581.8,1576.5,1576.5,999,15680,15751.1,15815.4,15815.6,15741.9,15742.3,999
376,859.2,859.2,879.7,879.7,879.7,879.7,999,7493.6,7493.8,7510.2,7510.2,7510.2,7510.2,999
377,1162.1,1144.6,1144.6,1144.6,1144.6,1170.8,999,16431.2,15403.3,15403.1,15403.2,15403.5,15552,999
378,810,810,803.7,803.7,787.6,786.2,999,8543,8542.9,8520.1,8520.2,8358.2,8407.6,999
379,1442.3,1442.3,1442.3,1442.3,1442.3,1442.3,999,16345.9,16345.8,16345.6,16345.3,16345.1,16345.2,999
380,949.5,949.5,1033.4,1033.4,1033.4,1033.2,999,8940.6,8940.4,9793.2,9793,9792.9,9793.5,999
381,430,430,430,430,425.2,373.5,999,4323.3,4323.6,4323.2,4323.2,3559.9,3482.9,999
382,1353.8,1287.7,1291.4,1291.4,1291.4,1274.9,999,11260.8,11729.9,11968.3,11968,11968.1,12027.6,999
383,48.2,48.2,48.2,1501.2,1501.2,1501.2,999,199.9,199.9,199.9,18006.1,18006.3,18006.4,999
384,1173.7,1175.2,1173.7,1173.7,1212,1212,999,11414.4,11367.1,11415.3,11415.4,11529.8,11529.9,999
385,1033.7,1033.7,1032.1,1032.1,1032.1,1032.1,999,14379.3,14380.1,14383.6,14383.6,14384.1,14384.4,999
386,1412.6,1412.6,1411.9,1411.9,1411.9,1411.9,999,11534.6,11534.9,11876.5,11876.4,11876.3,11876.4,999
387,2566.6,2566.6,2567,2567,2567,2567,999,25649.4,25650,25656.1,25656,25656.2,25655.9,999
388,1153.5,1075.3,1055.6,1086.3,1055.6,1055.6,999,10841,10696.3,10225.4,10522.7,10224.8,10224.4,999
389,649.3,649.3,646.8,646.8,646.8,646.8,999,6555.6,6555.7,5386.2,5386.2,5386.2,5386.2,999
390,1261.9,1261.9,1261.9,1203.8,1203.8,1227.1,999,17101.5,17101.2,17101.1,16566.2,16565.8,16653.4,999
391,382.9,382.9,376.9,376.9,376.9,377.8,999,3264.9,3264.4,3307.9,3307.9,3307.9,3314,999
392,1138.6,2079.4,1139,1139,1898.7,1894.6,999,16147.9,18529.4,16154.3,16154.5,23987.2,17556,999
393,1331.5,1331.5,1331.5,1331.5,1331.5,1327.1,999,14251.3,14251.4,14251.4,14251.3,14251.2,14298.2,999
394,995.8,995.8,975.3,975.8,975.3,975.3,999,14707.4,14707.7,13270.1,12734,13270.2,13267.9,999
395,39.1,39.1,39.1,39.1,1460,1460,999,79,79,79,79,14743.3,14743.1,999
396,410,410,410,410,410,472.1,999,4169,4168.9,4169.6,4169.3,4169.2,5519.4,999
397,1028,1028,1059.4,1059.4,1059,972.6,999,8573.3,8573.3,8590,8590.2,8484.9,8306.6,999
398,549.5,545.7,746.9,746.9,790.5,790.5,999,9044.4,8956.1,10689.1,10689.2,10940.6,10940.8,999
399,831,831,831,831,831,831,999,10383.7,10383.6,10383.6,10383.5,10383.4,10383.3,999
400,1798.5,1798.5,1798.5,1798.5,1798.5,1798.5,999,19021.7,19021.2,19021.7,19021.7,19021.5,19021.4,999
401,1171.4,1203.4,1203.4,1203.4,1203.4,1203.4,999,13940.4,14055.7,14055.7,14055.8,14056.3,14056.3,999
402,2210.2,2210.2,2210.2,2210.2,2210.2,2210.2,999,26756.4,26756.5,26756,26755.9,26756.2,26756.3,999
403,1996.5,672,672.3,672.3,1933,1933,999,19357.7,7557.4,7561.4,7561.4,21773.2,21773.4,999
404,1293.9,1267,1272.5,1272.5,1272.5,1272.5,999,14106.1,14270,14134.3,14134.3,14134.8,14134.9,999
405,1146.8,1146.8,1146.8,1147.2,1147.2,1147.2,999,11970.4,11970.6,11970.7,13258.8,13258.8,13258.8,999
406,1267.8,2279.7,2211.2,2211.2,2211.2,2211.2,999,19892.7,26586.4,26253.1,26253.5,26254.6,26254.8,999
407,1463.3,1463.3,1454.5,1454.5,1454.5,1454.5,999,17835.9,17836.3,17808.2,17808.4,17808.5,17808.8,999
408,620.2,620.2,620.2,620.2,620.2,620.2,999,6361.4,6361.1,6361,6361.1,6361,6361,999
409,1094.4,1094.4,1094.4,1094.4,1094.4,1094.4,999,9963.4,9963.3,9963.5,9963.6,9963.7,9963.6,999
410,1951,1951,1951,1951,1951,1951,999,23385.4,23385.9,23386,23385.9,23386.2,23386.4,999
411,1895.2,1895.6,1793.7,1793.9,1793.9,1865.4,999,21883.4,21888.7,21195,21196.3,21196.8,21897.7,999
412,2487,2808.7,2799.6,2284.7,2284.7,2294.1,999,21757.1,23609.7,23583.9,20952.5,20952.2,20869,999
413,1547.7,1547.7,1547.7,1547.7,1547.7,1547.8,999,15093,15093.2,15093.7,15093.5,15093.6,15093.3,999
414,1266.2,2732.4,1266.6,1266.6,2211.1,2193.3,999,18536,27140.3,18542.3,18542.5,27622.7,27471.3,999
415,898.6,898.6,768.1,768.1,768.1,768.1,999,8741,8741,9931.9,9931.8,9932.3,9932.3,999
416,1811.4,1811.4,1866.3,1866.3,1866.3,1766,999,20015.1,20015.1,22271.1,22271.1,22271.4,22524.4,999
417,2056.9,2056.9,2056.9,2056.9,2056.9,2056.9,999,21472.5,21472.3,21472.8,21472.8,21473.6,21473.5,999
418,605.9,605.9,1425.1,1425.1,1425.1,1425.1,999,7786.8,7786.6,19884.6,19884.7,19885.5,19883,999
419,1071.9,1125.5,1098.1,1098.1,967,949.8,999,13557.7,13884.8,13883.4,13883.4,13108.7,13098.1,999
420,1882,1882,1882,1882,1882,1843.3,999,19503.1,19503.1,19502.9,19502.9,19503,19488.5,999
421,1810.2,444.7,445,445,1746.1,1746.1,999,18133.7,5445.4,5449.5,5449.5,20546.1,20546.2,999
422,2253,2252.7,2564.6,2601.6,2601.6,2624,999,26663.5,26662.5,29313.5,29041.9,29042.7,30814.4,999
423,1540.5,1541.5,1553.3,1553.3,1551.6,1551.2,999,20800.4,20186.1,20230.4,20230.4,20809.1,20279.7,999
424,1244.8,1244.8,1244.8,1244.8,1244.8,1244.8,999,11087.3,11087.5,11086.8,11086.5,11086.6,11086.8,999
425,1527.9,1527.9,1527.9,1527.9,1528.2,1528.2,999,17322.7,17322.6,17322.4,17322.3,17323.2,17323.6,999
426,1310.1,1310.1,1310.1,1310.1,1310.1,1310.1,999,11525.8,11526.6,11527,11527.1,11526.2,11526.4,999
427,945.6,945.6,945.6,945.6,942.8,942.8,999,7911,7911.6,7911.4,7911.7,7822.1,7822.1,999
428,604,604,597.9,597.9,597.9,597.9,999,5160.6,5160.6,5140.5,5140.4,5140.8,5140.5,999
429,1525.6,1525.6,1525.6,1525.6,1525.6,1525.6,999,16300.3,16300.6,16300.4,16300,16299.9,16300.4,999
430,810.7,340.6,810.7,732.3,732.3,1048.9,999,9251.5,4295.6,9251.6,10566.1,10566.2,12427.6,999
431,1285.1,1285.1,1285.4,1285.4,1285.4,1246.7,999,12616.9,12617.1,12619.2,12618.8,12619,12604.9,999
432,2469.5,2467.8,2467.3,2523.5,2468,2467.3,999,23644.4,23648.1,23662.3,24190.9,23721.9,23661.5,999
433,1593.3,1593.3,1593.3,1593.3,1593.3,1593.3,999,20624.8,20625.4,20625.2,20625.5,20626.3,20626.5,999
434,2314.8,2314.8,2314.8,2314.8,2314.8,2314.8,999,20985.6,20985.9,20985.4,20985.6,20985.6,20985.1,999
435,854.5,854.5,854.5,854.5,854.5,854.5,999,7481.7,7481.8,7481.4,7481.4,7481.3,7481.3,999
436,844.8,844.8,844.8,844.8,844.8,844.8,999,12068.3,12068.5,12068.5,12068.4,12068.4,12066.2,999
437,2059.9,2059.8,2059.8,2059.8,2059.8,2059.8,999,28259.7,28259.8,28258.9,28258.9,28259.3,28259.3,999
438,993,983,983,983,983,983,999,9351.4,9208.9,9209.5,9209.7,9209.6,9209.2,999
439,1585.8,1571.5,1417,1383.2,1425,1425,999,14178,14420,13899.5,13701,13799.8,13799.9,999
440,188.3,188.1,1560.8,1427.4,1413.4,1413.4,999,1622.9,1622.5,18330.1,17568.6,17906.4,17906.2,999
441,432.6,432.6,432.6,432.6,432.6,432.6,999,3724.3,3724.2,3724.5,3724.4,3724.7,3724.8,999
442,884.8,884.8,884.8,884.8,884.8,884.8,999,12825.2,12825,12824.7,12824.5,12824.9,12824.9,999
443,751.2,751.2,751.2,751.2,751.2,751.2,999,4853.5,4853.4,4853.4,4853.4,4853.6,4853.4,999
444,480.2,485.9,485.9,485.9,485.9,485.9,999,3745.6,3769.3,3769.1,3769.2,3769.2,3769.5,999
445,1262,1262,1262,1262,1262,1265.9,999,19261.4,19261.7,19261.3,19261.3,19261.5,19264.1,999
446,1344.7,1344.7,1344.7,1344.7,1344.7,1344.7,999,17065.6,17066.2,17066.4,17066.6,17066.7,17066.9,999
447,1112.2,1112.2,1111.5,1111.5,1119.5,1111.5,999,10496.7,10496.8,10838.9,10838.4,10871.6,10838.1,999
448,512.4,512.4,548.2,548.2,548.2,548.2,999,4891.1,4891,4917.1,4916.8,4917,4917,999
449,2500.3,2500.3,2500.3,2500.3,2528.5,2500.3,999,30107.3,30107.5,30107.7,30107.9,30062.1,30108,999
450,719.2,729.5,742.4,742.4,732,732,999,9237.5,9555.5,9583.1,9583.1,9264.4,9264.3,999
451,984.5,935,935,935,935,935,999,9843,9314.3,9313.9,9314.1,9314.2,9314.1,999
452,941.8,941.8,925.7,925.7,925.7,925.4,999,8596.9,8597.6,9553.2,9553.2,9553.3,9567.9,999
453,801.4,779.5,779.5,779.5,779.5,779.5,999,7152.1,7457.1,7457.3,7456.9,7457.1,7457.1,999
454,1294.1,1294.1,1287.3,1287.3,1290,1287.3,999,12780.1,12779.7,12705.1,12705.2,13006.8,12704.7,999
455,1550.1,1480.9,1486.4,1486.4,1486.4,1486.4,999,16104.3,15802.1,15666.3,15666.3,15666.8,15666.9,999
456,1474.4,1504.8,1504.8,1504.8,1504.8,1504.8,999,18736.7,18754.2,18753.3,18753.2,18753.3,18753.9,999
457,1940.4,1940.4,1919.7,1919.7,1919.7,1919.7,999,19744.9,19744.6,20943.9,20944.2,20943.9,20943.6,999
458,1104.5,2607.4,1104.9,1104.9,2049.4,2031.6,999,15483.3,24294,15489.6,15489.6,24569.6,24418.2,999
459,2003.7,1998,1998,1834.8,1834.8,1834.8,999,27140.7,27478.1,27477.7,26436,26436.3,26436.3,999
460,684.3,684.3,684.3,684.3,684.3,684.3,999,10139.2,10139.3,10139.2,10139.3,10139.2,10139.2,999
461,2125.9,2125.9,2125.9,2125.9,2125.9,2125.9,999,24454,24454.7,24454.5,24454.8,24455.5,24455.3,999
462,1678.3,1678.3,1650.3,1650.3,1650.3,1650.3,999,16763.5,16763.6,16807.5,16807.6,16807.6,16807.4,999
463,687.1,662.1,673.4,698.4,698.4,698.4,999,5802.7,5611.5,6152.4,6343.5,6343.5,6343.3,999
464,1636.4,1636.4,1636.4,1636.4,1636.4,1636.4,999,17929.9,17930.1,17929.4,17929.8,17929.7,17930,999
465,1548.4,2255.6,1548.8,1548.8,2234.5,2234.5,999,20654.2,25158.1,20660.5,20660.7,27802.7,27802.7,999
466,244.7,244.5,2335.7,2335.7,2315.2,2315.2,999,1945.5,1945.1,23918.1,23917.9,26287.4,26285,999
467,859.9,859.9,844.3,844.4,844.4,844.4,999,7985.4,7984.6,8136,8136,8136,8136.2,999
468,1099.1,1099.1,1099.1,1099.1,1099.1,1099.1,999,12075.3,12075.1,12074.8,12074.9,12075.1,12075.2,999
469,1972.2,1855,1989.1,2002.7,2002.7,2002.7,999,18613.4,17708.1,18729.1,18785.8,18785.4,18785.7,999
470,2404.3,2260.5,2260.5,2250.7,2250.7,2250.7,999,30150.5,29997.2,29996.6,29913.6,29913.9,29913.9,999
471,1811.6,1811.6,1811.6,1811.6,1810.7,1810.7,999,21403.5,21403.8,21403.7,21403.6,21293,21293,999
472,1836.7,1836.7,1836.8,1815.7,1879,1814.7,999,19210,19210.1,19209.4,19036.8,19258.3,19737.9,999
473,1300.6,1300.6,1300.6,1300.6,1300.6,1300.6,999,13510.4,13510.3,13510.8,13510.9,13510.7,13510.7,999
474,1546.2,1546.2,1557.5,1557.5,1541,1541,999,15915.8,15915.8,16085.6,16085.5,15896.9,15897.1,999
475,1385.2,727.8,728.1,728.1,1359.6,1359.6,999,12900.7,8289,8292.9,8292.9,15460.9,15461.4,999
476,775.6,775.6,775.6,775.6,775.6,775.6,999,7867.1,7867.4,7867.4,7867,7866.9,7867.2,999
477,1467.5,1468.2,1468.2,1448.2,1448.2,1364.7,999,14057,14116.5,14117.1,14049.1,14049.1,13387,999
478,614.8,614.8,614.8,614.7,614.7,614.7,999,4828,4828.2,4828.2,4828.2,4828.4,4828.4,999
479,1047.4,1047.5,1047.8,1047.8,2152,2152,999,16495.2,16497.2,16501.5,16501.6,27805.1,27805,999
480,1927.7,1927.7,1927.7,1927.7,1927.7,1928.4,999,20282.3,20282.2,20283.1,20282.9,20283.5,20300.1,999
481,974.5,974.5,957.4,957.4,957.4,957.4,999,11782.3,11782.5,11668.6,11668.7,11669.2,11669.1,999
482,2721.8,2721.8,2753.2,2753.2,2753.2,2780.4,999,27665.2,27666.4,27682.8,27682.9,27682.9,27750.6,999
483,1031.2,1444.1,1444.1,1444.1,1444.4,1444.4,999,16774.8,18732,18732,18732.3,18736.2,18736.4,999
484,249.7,249.7,249.7,249.7,357,249.7,999,2623.6,2623.6,2623.7,2623.7,3153.4,2623.4,999
485,3.4,1752.8,1753.2,1872.2,1872.2,1872.2,999,22.8,19743.9,19758.7,20405.2,20405.6,20406,999
486,642.2,642.2,643.7,640.8,640.8,640.8,999,6505.4,6505.4,6506.7,6563.1,6563.1,6563.1,999
487,1102.8,1102.8,1102.8,1102.8,1152.5,1102.8,999,10124.8,10124.5,10124.6,10124.8,10607.8,10124.4,999
488,114.6,114.6,114.6,114.6,114.6,114.6,999,1268.4,1268.4,1268.4,1268.4,1268.3,1268.3,999
489,2766.6,3123.3,3306.8,3306.8,3306.8,3306.8,999,21538.2,24199.9,25500.6,25500.7,25500.9,25500.6,999
490,1270.3,1270.3,1270.2,1270.2,1270.2,1270.2,999,17927.5,17927.6,17927.3,17927.3,17927.3,17927.5,999
491,2148.2,2148.2,2148.2,2148.2,2148.2,2148.2,999,26681.4,26682.2,26681.8,26681.8,26682.4,26682.4,999
492,1973.9,1974.9,1969.2,1785.7,1785.7,1768.4,999,22037.5,22265.9,22244.5,17729.6,17729.6,17692.5,999
493,657.8,657.8,870.3,870.3,870.3,870.3,999,8538.1,8538.5,10740.5,10740.5,10740.6,10752.5,999
494,1322.1,1226.5,1220.2,1193.4,1193.4,1193.4,999,12930.3,12196.3,12216,12221.8,12221.4,12221.4,999
495,1794.9,1797.7,1795,1795,1795,1694.7,999,20447.4,18956.3,20447.1,20447.2,20447.4,20700.3,999
496,2035.8,1892,1892,1882.2,2002.4,2002.4,999,24300.1,24146.7,24146.2,24063.1,24910,24909.9,999
497,1416.9,1395.7,1385.7,1385.7,1385.7,1385.7,999,15564.4,15524.1,15441.2,15441.6,15441.5,15441.3,999
498,446.2,446.2,446.2,446.2,446.2,446.2,999,4258.6,4258.9,4259,4259,4258.9,4259,999
499,1069.5,1069.5,1069.5,1069.5,1067,1061.7,999,11328.3,11328.2,11328.3,11328,11318,11660.9,999
500,1952.7,1952.7,1952.7,1952.7,1952.7,1952.7,999,20424.3,20424.1,20424.1,20423.6,20423.5,20423.8,999
